Title,Price
Hoka Clifton 8 Lab test ,"$130 $48 
      Save 63%
    "
Brooks Ghost 14 Lab test ,"$140 $90 
      Save 36%
    "
Brooks Adrenaline GTS 22 Lab test ,"$140 $89 
      Save 36%
    "
Hoka Clifton 9 Lab test ,"$145 $110 
      Save 24%
    "
Hoka Mach 5 Lab test ,"$140 $98 
      Save 30%
    "
On Cloudmonster Lab test , $170 
Hoka Bondi 8 Lab test , $161 
Brooks Glycerin 20 Lab test ,"$160 $120 
      Save 25%
    "
Adidas Ultraboost 22 Lab test ,"$190 $58 
      Save 70%
    "
Brooks Launch 9 Lab test ,"$110 $70 
      Save 36%
    "
Altra Lone Peak 6 Lab test ,"$140 $75 
      Save 46%
    "
Saucony Endorphin Speed 2 Lab test ,"$160 $55 
      Save 66%
    "
Hoka Speedgoat 5 Lab test ,"$155 $110 
      Save 29%
    "
ASICS Gel Nimbus 25 Lab test ,"$160 $123 
      Save 23%
    "
Hoka Arahi 6 Lab test , $140 
Nike React Infinity Run Flyknit 3 Lab test ,"$160 $60 
      Save 63%
    "
Saucony Triumph 20 Lab test ,"$160 $98 
      Save 39%
    "
Nike Pegasus 40 New Lab test , $130 
Saucony Ride 15 Lab test ,"$130 $55 
      Save 58%
    "
Saucony Guide 15 Lab test ,"$140 $50 
      Save 64%
    "
Nike Air Zoom Pegasus 39 Lab test ,"$130 $65 
      Save 50%
    "
Brooks Glycerin 19 Lab test ,"$150 $70 
      Save 53%
    "
PUMA Velocity Nitro 2 Lab test ,"$120 $48 
      Save 60%
    "
Saucony Kinvara 13 Lab test ,"$120 $50 
      Save 58%
    "
Brooks Revel 5 Lab test ,"$100 $66 
      Save 34%
    "
ASICS Novablast 3 Lab test ,"$140 $119 
      Save 15%
    "
ASICS Gel Nimbus 24 Lab test ,"$160 $80 
      Save 50%
    "
ASICS MetaSpeed Sky Lab test ,"$250 $110 
      Save 56%
    "
Salomon Ultra Glide Lab test ,"$140 $56 
      Save 60%
    "
PUMA Deviate Nitro 2 Lab test ,"$160 $120 
      Save 25%
    "
Nike Zoom Fly 5 Lab test ,"$160 $110 
      Save 31%
    "
Altra Lone Peak 5.0 Lab test ,"$130 $85 
      Save 35%
    "
Adidas 4DFWD Lab test ,"$200 $120 
      Save 40%
    "
Saucony Triumph 19 Lab test ,"$150 $43 
      Save 71%
    "
ASICS Gel Kayano 28 Lab test ,"$160 $80 
      Save 50%
    "
Brooks Cascadia 16 Lab test ,"$130 $100 
      Save 23%
    "
ASICS Gel Kayano 29 Lab test ,"$160 $96 
      Save 40%
    "
Saucony Endorphin Pro 2 Lab test ,"$200 $77 
      Save 62%
    "
Nike ZoomX Vaporfly NEXT% 2 Lab test ,"$225 $150 
      Save 33%
    "
Hoka Kawana Lab test , $140 
Saucony Tempus Lab test ,"$160 $115 
      Save 28%
    "
On Cloudswift Lab test ,"$150 $93 
      Save 38%
    "
Saucony Endorphin Speed 3 Lab test ,"$160 $140 
      Save 13%
    "
ASICS Noosa Tri 14 Lab test ,"$130 $89 
      Save 32%
    "
Nike Revolution 6 Lab test ,"$65 $46 
      Save 29%
    "
Nike React Pegasus Trail 4 Lab test ,"$140 $89 
      Save 36%
    "
Brooks Levitate 5 Lab test ,"$150 $70 
      Save 53%
    "
Saucony Endorphin Pro 3 Lab test , $225 
ASICS Novablast 2 Lab test ,"$130 $80 
      Save 39%
    "
ASICS Magic Speed 2 Lab test ,"$150 $74 
      Save 51%
    "
Saucony Peregrine 13 Lab test ,"$140 $79 
      Save 44%
    "
Nike Air Zoom Pegasus 38 Lab test ,"$120 $65 
      Save 46%
    "
ASICS GT 2000 10 Lab test ,"$100 $55 
      Save 45%
    "
Adidas Ultraboost 21 Lab test ,"$180 $57 
      Save 68%
    "
Altra Torin 6 Lab test ,"$150 $65 
      Save 57%
    "
Nike Wildhorse 8 Lab test ,"$130 $90 
      Save 31%
    "
ASICS Gel Cumulus 24 Lab test ,"$130 $63 
      Save 52%
    "
Hoka Gaviota 4 Lab test ,"$170 $152 
      Save 11%
    "
Mizuno Wave Rider 26 Lab test ,"$140 $98 
      Save 30%
    "
Saucony Peregrine 12 Lab test ,"$130 $50 
      Save 62%
    "
Saucony Ride 14 Lab test ,"$130 $33 
      Save 75%
    "
Saucony Endorphin Pro+ Lab test ,"$250 $71 
      Save 72%
    "
New Balance Fresh Foam 1080 v11 Lab test ,"$150 $47 
      Save 69%
    "
Hoka Solimar Lab test , $125 
Adidas Supernova+ Lab test ,"$120 $56 
      Save 53%
    "
Adidas 4DFWD 2 Lab test ,"$200 $120 
      Save 40%
    "
Hoka Zinal Lab test ,"$160 $85 
      Save 47%
    "
Nike Zoom Fly 4 Lab test ,"$160 $100 
      Save 38%
    "
Nike Downshifter 12 Lab test ,"$70 $45 
      Save 36%
    "
On Cloudrunner Lab test , $150 
ASICS Magic Speed Lab test ,"$150 $60 
      Save 60%
    "
New Balance FuelCell Rebel v3 Lab test ,"$130 $70 
      Save 46%
    "
ASICS GT 1000 11 Lab test ,"$100 $40 
      Save 60%
    "
Altra Outroad Lab test ,"$140 $65 
      Save 54%
    "
Saucony Guide 16 Lab test ,"$140 $85 
      Save 39%
    "
Hoka Challenger 7 Lab test , $145 
Saucony Xodus Ultra Lab test ,"$150 $80 
      Save 47%
    "
Altra Olympus 5 Lab test ,"$180 $113 
      Save 37%
    "
Skechers Max Cushioning Elite Lab test ,"$90 $49 
      Save 46%
    "
Altra Lone Peak 7 Lab test ,"$150 $131 
      Save 13%
    "
Saucony Endorphin Shift 3 Lab test ,"$150 $89 
      Save 41%
    "
Adidas Duramo 10 Lab test ,"$65 $33 
      Save 49%
    "
Salomon Sense Ride 5 Lab test ,"$140 $130 
      Save 7%
    "
ASICS Gel Contend 7 Lab test ,"$65 $34 
      Save 48%
    "
Altra Provision 6 Lab test ,"$140 $60 
      Save 57%
    "
Brooks Launch 8 Lab test ,"$100 $60 
      Save 40%
    "
Nike Pegasus Trail 3 GTX Lab test ,"$160 $84 
      Save 48%
    "
Adidas Adistar Lab test ,"$130 $50 
      Save 62%
    "
PUMA Deviate Nitro Lab test ,"$160 $53 
      Save 67%
    "
Salomon XT-6 Lab test ,"$220 $150 
      Save 32%
    "
ASICS Gel Contend 8 Lab test ,"$100 $55 
      Save 45%
    "
Saucony Guide 14 Lab test ,"$130 $48 
      Save 63%
    "
ASICS Gel Excite 9 Lab test ,"$75 $43 
      Save 43%
    "
Saucony Endorphin Shift 2 Lab test ,"$140 $56 
      Save 60%
    "
Salomon Sense Ride 4 Lab test ,"$120 $77 
      Save 36%
    "
Nike ZoomX Streakfly Lab test ,"$160 $95 
      Save 41%
    "
Saucony Axon 2 Lab test ,"$100 $40 
      Save 60%
    "
ASICS GT 2000 11 Lab test ,"$140 $110 
      Save 21%
    "
Hoka Tecton X Lab test ,"$200 $150 
      Save 25%
    "
New Balance Fresh Foam More v3 Lab test ,"$165 $85 
      Save 49%
    "
Saucony Kinvara 12 Lab test ,"$110 $37 
      Save 66%
    "
Nike Quest 4 Lab test ,"$75 $50 
      Save 33%
    "
ASICS Gel Cumulus 25 New Lab test , $140 
ASICS GlideRide 3 Lab test ,"$150 $115 
      Save 23%
    "
Nike ZoomX Invincible Run Flyknit 2 Lab test ,"$180 $90 
      Save 50%
    "
Nike Quest 5 Lab test ,"$80 $52 
      Save 35%
    "
Nike Air Winflo 9 Lab test ,"$100 $61 
      Save 39%
    "
Adidas Terrex Speed Ultra Lab test ,"$160 $62 
      Save 61%
    "
New Balance Fuelcell Supercomp Trainer Lab test ,"$180 $125 
      Save 31%
    "
Mizuno Wave Rider 25 Lab test ,"$135 $85 
      Save 37%
    "
ASICS Gel Cumulus 23 Lab test ,"$120 $70 
      Save 42%
    "
Altra Escalante 3 Lab test ,"$140 $79 
      Save 44%
    "
PUMA Velocity Nitro Lab test ,"$120 $42 
      Save 65%
    "
Altra Rivera 2 Lab test ,"$130 $54 
      Save 59%
    "
New Balance Fresh Foam X More v4 Lab test ,"$150 $100 
      Save 33%
    "
Nike Wildhorse 7 Lab test ,"$130 $100 
      Save 23%
    "
Hoka Carbon X 3 Lab test , $200 
Adidas Questar Lab test ,"$75 $47 
      Save 37%
    "
Saucony Peregrine 11 Lab test ,"$120 $34 
      Save 72%
    "
Nike Flex Experience Run 11 Lab test ,"$70 $48 
      Save 31%
    "
New Balance FuelCell Rebel v2 Lab test ,"$130 $46 
      Save 65%
    "
Reebok Floatride Energy 3 Lab test ,"$100 $41 
      Save 59%
    "
Altra VIA Olympus Lab test , $170 
ASICS Gel Excite 8 Lab test ,"$75 $39 
      Save 48%
    "
Salomon XA Pro 3D V8 Lab test ,"$130 $73 
      Save 44%
    "
New Balance Fresh Foam 860 v11 Lab test ,"$130 $40 
      Save 69%
    "
Saucony Kinvara 14 Lab test ,"$120 $83 
      Save 31%
    "
Hoka Bondi X Lab test , $209 
Nike Pegasus Trail 3 Lab test , $130 
Nike Downshifter 11 Lab test ,"$60 $50 
      Save 17%
    "
On Cloudswift 3 New Lab test , $160 
Altra Timp 4 Lab test ,"$160 $80 
      Save 50%
    "
ASICS Metaspeed Sky+ Lab test , $250 
Saucony Freedom 4 Lab test ,"$150 $38 
      Save 75%
    "
New Balance Fresh Foam X 1080 v12 Lab test ,"$160 $127 
      Save 21%
    "
New Balance Fresh Foam X Hierro v7 Lab test ,"$140 $90 
      Save 36%
    "
New Balance Fresh Foam 860 v12 Lab test ,"$130 $40 
      Save 69%
    "
Mizuno Wave Horizon 6 Lab test ,"$170 $111 
      Save 35%
    "
Hoka Mach 4 Lab test , $130 
ASICS GT 1000 10 Lab test ,"$100 $54 
      Save 46%
    "
Nike Renew Ride 3 Lab test ,"$80 $61 
      Save 24%
    "
Saucony Axon Lab test ,"$100 $39 
      Save 61%
    "
On Cloudflow 3.0 Lab test ,"$140 $110 
      Save 21%
    "
New Balance Fresh Foam Roav V2 Lab test ,"$85 $44 
      Save 48%
    "
Nike Air Zoom Alphafly Next% 2 Lab test ,"$275 $220 
      Save 20%
    "
ASICS Gel Nimbus Lite 3 Lab test ,"$160 $80 
      Save 50%
    "
ASICS Trail Scout 2 Lab test ,"$60 $39 
      Save 35%
    "
APL Streamline Lab test ,"$300 $120 
      Save 60%
    "
ASICS Metaspeed Edge Lab test ,"$250 $110 
      Save 56%
    "
Nike ZoomX Invincible Run Lab test ,"$180 $140 
      Save 22%
    "
Merrell Nova 2 Lab test ,"$110 $99 
      Save 10%
    "
Saucony Endorphin Edge Lab test , $200 
Adidas Adizero Adios 7 Lab test ,"$130 $45 
      Save 65%
    "
Salomon Ultra Glide 2 Lab test ,"$150 $113 
      Save 25%
    "
Saucony Endorphin Trail Lab test ,"$160 $56 
      Save 65%
    "
Allbirds Tree Dasher Lab test ,"$125 $99 
      Save 21%
    "
Brooks Ricochet 3 Lab test ,"$120 $70 
      Save 42%
    "
Altra Mont Blanc Lab test , $180 
ASICS Metaspeed Edge+ Lab test , $250 
Nike Flex Experience Run 10 Lab test ,"$65 $49 
      Save 25%
    "
Nike ZoomX Invincible Run Flyknit 3 Lab test , $180 
ASICS Gel Kayano Lite 3 Lab test ,"$160 $110 
      Save 31%
    "
ASICS Gel Kayano Lite 2 Lab test ,"$160 $70 
      Save 56%
    "
New Balance Fresh Foam Hierro v6 Lab test ,"$135 $98 
      Save 27%
    "
Adidas Adizero Adios Pro 2.0 Lab test ,"$220 $118 
      Save 46%
    "
Hoka Gaviota 3 Lab test , $220 
New Balance Shando Lab test ,"$90 $75 
      Save 17%
    "
New Balance Fresh Foam X More Trail v3 New Lab test , $160 
ASICS GT 1000 9 Lab test ,"$100 $73 
      Save 27%
    "
Reebok Lite 3 Lab test ,"$65 $29 
      Save 55%
    "
Hoka Arahi 5 Lab test , $221 
Nike Zoom Terra Kiger 8 Lab test ,"$140 $63 
      Save 55%
    "
Salomon XA Pro 3D GTX Lab test , $170 
Nike Air Zoom Pegasus 38 FlyEase Lab test ,"$120 $80 
      Save 33%
    "
Brooks Anthem 4 Lab test ,"$85 $65 
      Save 24%
    "
Skechers GOrun Razor Excess Lab test ,"$140 $41 
      Save 71%
    "
ASICS Gel Pulse 11 Lab test ,"$90 $69 
      Save 23%
    "
NOBULL Knit Runner Lab test , $159 
Nike Run Swift 2 Lab test , $125 
Nike Renew Ride 2 Lab test ,"$75 $57 
      Save 24%
    "
Adidas Runfalcon Lab test , $86 
Nike Pegasus Turbo Lab test , $200 
Nike Juniper Trail Lab test , $135 
NOBULL Ripstop Runner Lab test , $139 
Nike Free Run 5.0 Lab test ,"$100 $68 
      Save 32%
    "
Nike React Miler 3 Lab test ,"$120 $95 
      Save 21%
    "
NOBULL Runner+ Lab test , $179 
Adidas Runfalcon 2.0 Lab test ,"$60 $33 
      Save 45%
    "
Nike Air Zoom Terra Kiger 6 Lab test , $174 
New Balance FuelCell RC Elite v2 Lab test , $394 
Nike Flex Run 2021 Lab test , $100 
Salomon Sense Pro 4 Lab test ,out of stock
On Cloud ,"$130 $100 
      Save 23%
    "
Adidas Adistar 2.0 New Lab test ,"$130 $90 
      Save 31%
    "
Kailas Fuga Pro 4 Lab test ,out of stock
Kailas Fuga EX 2 Lab test ,out of stock
Kailas Fuga Elite 2 Lab test ,out of stock
Kailas Fuga EX BOA Lab test ,out of stock
Kailas Fuga DU Lab test ,out of stock
Kailas Fuga YAO Lab test ,out of stock
Adidas Ultraboost ,"$180 $50 
      Save 72%
    "
Saucony Endorphin Speed ,"$160 $70 
      Save 56%
    "
Adidas Alphabounce ,"$100 $34 
      Save 66%
    "
Brooks Ghost 15 , $140 
Saucony Endorphin Pro ,"$200 $88 
      Save 56%
    "
On Cloud X ,"$140 $110 
      Save 21%
    "
Altra Superior 5 ,"$120 $60 
      Save 50%
    "
Nike React Infinity Run Flyknit 2 ,"$160 $50 
      Save 69%
    "
Brooks Hyperion Tempo ,"$150 $93 
      Save 38%
    "
Brooks Ghost 13 ,"$130 $85 
      Save 35%
    "
Kailas Flythorn Air 2.0 Lab test ,out of stock
Kailas Phantom 3.0 Lab test ,out of stock
New Balance Fresh Foam Roav ,"$80 $30 
      Save 63%
    "
Brooks Adrenaline GTS 21 ,"$130 $71 
      Save 45%
    "
Hoka Rincon 3 , $125 
On Cloudflyer ,"$160 $110 
      Save 31%
    "
Nike React Phantom Run Flyknit 2 ,"$140 $56 
      Save 60%
    "
ASICS Superblast ,"$220 $200 
      Save 9%
    "
Salomon Speedcross 5 ,"$130 $86 
      Save 34%
    "
Adidas Alphabounce+ ,"$100 $47 
      Save 53%
    "
Brooks Catamount ,"$160 $80 
      Save 50%
    "
Adidas Ultraboost Light New ,"$190 $94 
      Save 51%
    "
On Cloud Waterproof ,"$150 $100 
      Save 33%
    "
Altra Olympus 4.0 ,"$170 $90 
      Save 47%
    "
ASICS Novablast ,"$130 $70 
      Save 46%
    "
Adidas Ultraboost DNA ,"$180 $59 
      Save 67%
    "
Adidas Racer TR21 ,"$75 $36 
      Save 52%
    "
ASICS Gel Venture 8 ,"$70 $47 
      Save 33%
    "
On Cloudsurfer ,"$140 $90 
      Save 36%
    "
ASICS Gel Nimbus 23 ,"$150 $72 
      Save 52%
    "
Saucony Ride 16 ,"$140 $80 
      Save 43%
    "
Adidas Adizero Adios Pro 3 ,"$250 $124 
      Save 50%
    "
Brooks Revel 6 ,"$100 $70 
      Save 30%
    "
Nike Free RN 2018 ,"$100 $60 
      Save 40%
    "
Nike Revolution 5 ,"$65 $52 
      Save 20%
    "
Hoka Bondi 7 , $160 
Adidas Ultra 4D ,"$220 $163 
      Save 26%
    "
On Cloudventure ,"$160 $90 
      Save 44%
    "
Nike Air Zoom Pegasus 37 ,"$120 $75 
      Save 38%
    "
Adidas Ultraboost 5.0 DNA ,"$180 $45 
      Save 75%
    "
Under Armour Charged Assert 9 ,"$70 $31 
      Save 56%
    "
On Cloudstratus ,"$170 $110 
      Save 35%
    "
Brooks Launch GTS 9 ,"$110 $70 
      Save 36%
    "
Brooks Levitate 6 ,"$150 $105 
      Save 30%
    "
Saucony Endorphin Elite , $275 
Nike Air Zoom Alphafly Next% ,"$275 $122 
      Save 56%
    "
Altra Rivera ,"$130 $50 
      Save 62%
    "
Adidas Ultraboost 20 ,"$180 $140 
      Save 22%
    "
Adidas Supernova 2 ,"$100 $41 
      Save 59%
    "
Brooks Divide 3 ,"$100 $70 
      Save 30%
    "
Salomon Speedcross 6 ,"$140 $124 
      Save 11%
    "
Altra Paradigm 6.0 ,"$160 $100 
      Save 38%
    "
Nike Epic React Flyknit 2 ,"$150 $98 
      Save 35%
    "
Nike Air Max 2017 ,"$190 $140 
      Save 26%
    "
Saucony Triumph 18 ,"$150 $55 
      Save 63%
    "
Altra Escalante 2.5 ,"$130 $85 
      Save 35%
    "
Adidas Ultraboost 19 ,"$180 $48 
      Save 73%
    "
Saucony Freedom 5 ,"$150 $60 
      Save 60%
    "
On Cloudultra ,"$180 $140 
      Save 22%
    "
Mizuno Wave Inspire 18 ,"$130 $66 
      Save 49%
    "
Nike Free RN Flyknit ,"$130 $60 
      Save 54%
    "
Brooks Hyperion Max , $170 
ASICS Gel Kayano 27 ,"$160 $95 
      Save 41%
    "
Hoka Rocket X ,"$180 $135 
      Save 25%
    "
Nike Epic Phantom React Flyknit ,"$150 $70 
      Save 53%
    "
On Cloudvista ,"$140 $110 
      Save 21%
    "
Adidas Solar Glide ,"$140 $60 
      Save 57%
    "
ASICS GT 2000 9 ,"$120 $53 
      Save 56%
    "
PUMA Deviate Nitro Elite ,"$200 $95 
      Save 53%
    "
Brooks Trace 2 ,"$100 $80 
      Save 20%
    "
Brooks Glycerin GTS 20 , $160 
Saucony Cohesion 15 ,"$75 $35 
      Save 53%
    "
Altra Paradigm 5.0 ,"$150 $67 
      Save 55%
    "
Adidas Pureboost ,"$140 $70 
      Save 50%
    "
Adidas Adizero SL ,"$120 $60 
      Save 50%
    "
APL Techloom Zipline ,"$320 $144 
      Save 55%
    "
On Cloudsurfer 7 New ,"$160 $120 
      Save 25%
    "
Brooks Glycerin 18 ,"$150 $77 
      Save 49%
    "
Salomon Pulsar Trail ,"$130 $80 
      Save 39%
    "
Brooks Trace ,"$100 $70 
      Save 30%
    "
Saucony Endorphin Shift ,"$140 $70 
      Save 50%
    "
Altra Torin 5 ,"$150 $52 
      Save 65%
    "
Brooks Hyperion Elite 2 ,"$250 $175 
      Save 30%
    "
Salomon XT-Wings 2 ,"$160 $80 
      Save 50%
    "
Merrell Moab Flight ,"$110 $48 
      Save 56%
    "
Adidas Cloudfoam Pure 2.0 ,"$75 $34 
      Save 55%
    "
ASICS GlideRide ,"$150 $72 
      Save 52%
    "
Hoka Arahi , $140 
Brooks Levitate 4 ,"$150 $62 
      Save 59%
    "
Merrell Antora 2 ,"$110 $50 
      Save 55%
    "
Adidas Ultraboost 4.0 DNA ,"$180 $76 
      Save 58%
    "
Saucony Omni 20 ,"$130 $36 
      Save 72%
    "
Brooks Ghost 12 ,"$130 $106 
      Save 19%
    "
Hoka Torrent 2 ,"$120 $100 
      Save 17%
    "
Brooks Levitate Stealthfit 5 ,"$150 $70 
      Save 53%
    "
Under Armour HOVR Infinite 3 ,"$120 $56 
      Save 53%
    "
Saucony Ride 13 ,"$130 $50 
      Save 62%
    "
ASICS Noosa Tri 13 ,"$130 $95 
      Save 27%
    "
Saucony Echelon 9 ,"$150 $48 
      Save 68%
    "
Under Armour HOVR Sonic 4 ,"$110 $48 
      Save 56%
    "
Nike Pegasus Trail 2 ,"$130 $90 
      Save 31%
    "
Saucony Hurricane 23 ,"$160 $39 
      Save 76%
    "
PUMA Liberate Nitro ,"$110 $39 
      Save 65%
    "
ASICS Gel Venture 7 ,"$70 $40 
      Save 43%
    "
On Cloudgo , $140 
On Cloud Terry ,"$150 $100 
      Save 33%
    "
Brooks Revel 4 ,"$100 $70 
      Save 30%
    "
Nike React Pegasus Trail 4 GTX ,"$160 $110 
      Save 31%
    "
Brooks Levitate ,"$150 $69 
      Save 54%
    "
Adidas Fluidflow 2.0 ,"$80 $39 
      Save 51%
    "
Mizuno Wave Rebellion ,"$180 $67 
      Save 63%
    "
ASICS Dynablast 2 ,"$100 $46 
      Save 54%
    "
Adidas Alphaboost V1 New ,"$120 $59 
      Save 51%
    "
ASICS Gel Kinsei Blast ,"$180 $113 
      Save 37%
    "
Nike Air Zoom Vomero 16 ,"$150 $98 
      Save 35%
    "
ASICS Gel Kayano 26 ,"$160 $89 
      Save 44%
    "
Adidas Adizero Boston 11 ,"$160 $79 
      Save 51%
    "
Altra Vanish Tempo ,"$190 $76 
      Save 60%
    "
Nike React Infinity Run Flyknit ,"$160 $100 
      Save 38%
    "
Nike Zoom Pegasus Turbo ,"$180 $75 
      Save 58%
    "
Adidas Alphaboost ,"$150 $75 
      Save 50%
    "
La Sportiva Mutant ,"$130 $94 
      Save 28%
    "
Nike Air Zoom Structure 24 ,"$120 $50 
      Save 58%
    "
Hoka Stinson ATR 6 , $170 
Mizuno Wave Sky 5 ,"$170 $74 
      Save 57%
    "
Brooks Glycerin GTS 19 ,"$150 $99 
      Save 34%
    "
On Cloud Hi ,"$170 $85 
      Save 50%
    "
Salomon Speedcross 4 ,"$130 $93 
      Save 29%
    "
Brooks Ricochet ,"$120 $61 
      Save 49%
    "
Mizuno Wave Inspire 17 ,"$135 $77 
      Save 43%
    "
Salomon XA Pro 3D , $134 
Nike Air Zoom Pegasus 36 ,"$120 $71 
      Save 41%
    "
Saucony Guide 13 ,"$120 $48 
      Save 60%
    "
Altra Provision 7 ,"$140 $110 
      Save 21%
    "
Adidas EQ21 ,"$80 $37 
      Save 54%
    "
ASICS Fuji Lite 3 ,"$120 $63 
      Save 48%
    "
Saucony Cohesion 13 ,"$60 $35 
      Save 42%
    "
Hoka Rocket X 2 New , $250 
ASICS Gel Kayano 25 ,"$160 $62 
      Save 61%
    "
Nike Renew Run ,"$90 $64 
      Save 29%
    "
New Balance Fresh Foam Vongo v5 ,"$150 $70 
      Save 53%
    "
New Balance Fuelcell Propel v4 New , $110 
Brooks Aurora-BL , $200 
ASICS Gel Nimbus 21 ,"$150 $54 
      Save 64%
    "
ASICS Gel Quantum 180 ,"$130 $55 
      Save 58%
    "
Adidas Adizero Adios Pro ,"$200 $135 
      Save 33%
    "
Skechers GOrun MaxRoad 5 ,"$135 $50 
      Save 63%
    "
Adidas SL20 ,"$120 $41 
      Save 66%
    "
Mizuno Wave Rider 24 ,"$130 $75 
      Save 42%
    "
Brooks Caldera 6 ,"$150 $135 
      Save 10%
    "
Saucony Echelon 8 ,"$130 $43 
      Save 67%
    "
Hoka Tecton X 2 New , $225 
ASICS Dynablast ,"$110 $50 
      Save 55%
    "
Saucony Kinvara 11 ,"$110 $32 
      Save 71%
    "
Brooks Signal 3 ,"$85 $70 
      Save 18%
    "
ASICS MetaRacer ,"$200 $108 
      Save 46%
    "
On Cloudace ,"$200 $74 
      Save 63%
    "
New Balance FuelCell Propel ,"$110 $48 
      Save 56%
    "
Under Armour Charged Pursuit 3 ,"$70 $31 
      Save 56%
    "
New Balance FuelCell Rebel ,"$130 $59 
      Save 55%
    "
Brooks Glycerin Stealthfit 20 , $160 
New Balance FuelCell Prism ,"$120 $58 
      Save 52%
    "
APL TechLoom Wave ,"$245 $92 
      Save 62%
    "
Brooks Catamount 2 ,"$170 $161 
      Save 5%
    "
On Cloudflyer 4 , $170 
Adidas Adizero Boston 10 ,"$140 $60 
      Save 57%
    "
On Cloud X 3 , $144 
Salomon Speedcross 3 ,"$130 $108 
      Save 17%
    "
ASICS Dynablast 3 ,"$100 $65 
      Save 35%
    "
Under Armour Flow Velociti Wind ,"$160 $77 
      Save 52%
    "
ASICS EvoRide ,"$120 $50 
      Save 58%
    "
Merrell Trail Glove 6 ,"$100 $66 
      Save 34%
    "
ASICS EvoRide 3 ,"$120 $80 
      Save 33%
    "
Under Armour HOVR Phantom ,"$130 $72 
      Save 45%
    "
Brooks Caldera 5 ,"$140 $60 
      Save 57%
    "
Nike React Miler 2 ,"$130 $66 
      Save 49%
    "
Adidas Terrex Soulstride ,"$80 $35 
      Save 56%
    "
Adidas Terrex Agravic Flow 2 ,"$140 $50 
      Save 64%
    "
Nike Zoom Fly ,"$150 $115 
      Save 23%
    "
Adidas Ultra 4DFWD ,"$220 $121 
      Save 45%
    "
New Balance Fresh Foam Arishi v4 New ,"$70 $50 
      Save 29%
    "
Saucony Freedom ISO ,"$160 $39 
      Save 76%
    "
Brooks Launch 7 ,"$100 $55 
      Save 45%
    "
Adidas Solar Boost 19 ,"$160 $49 
      Save 69%
    "
New Balance Fresh Foam 880 v11 ,"$130 $62 
      Save 52%
    "
Adidas Adizero Takumi Sen 9 New ,"$180 $99 
      Save 45%
    "
Under Armour HOVR Sonic 5 ,"$110 $32 
      Save 71%
    "
Under Armour Flow Velociti Wind 2 ,"$160 $99 
      Save 38%
    "
Merrell Agility Peak 4 ,"$130 $97 
      Save 25%
    "
Nike ZoomX Zegama Trail ,"$160 $109 
      Save 32%
    "
Hoka Speedgoat ,"$140 $118 
      Save 16%
    "
Mizuno Wave Sky 6 ,"$170 $120 
      Save 29%
    "
ASICS Gel Quantum 90 ,"$90 $45 
      Save 50%
    "
Adidas Pureboost 22 ,"$140 $56 
      Save 60%
    "
Hoka Carbon X 2 , $174 
Brooks Dyad 11 , $125 
ASICS Gel Excite 7 ,"$75 $45 
      Save 40%
    "
Brooks Hyperion Elite 3 ,"$250 $130 
      Save 48%
    "
Hoka Mafate Speed 4 , $180 
Saucony Freedom 3 ,"$150 $48 
      Save 68%
    "
Hoka Torrent 3 , $130 
Adidas SL20.3 ,"$110 $38 
      Save 66%
    "
Brooks Cascadia 16 GTX ,"$160 $120 
      Save 25%
    "
Brooks Levitate 2 ,"$150 $60 
      Save 60%
    "
ASICS Gel Cumulus 22 ,"$120 $60 
      Save 50%
    "
Saucony Omni 21 ,"$140 $78 
      Save 44%
    "
Reebok Floatride Energy 5 New ,"$110 $78 
      Save 29%
    "
Brooks Levitate GTS 5 ,"$150 $79 
      Save 47%
    "
Mizuno Wave Inspire 19 , $140 
Under Armour HOVR Infinite ,"$120 $65 
      Save 46%
    "
Inov-8 Terraultra G 270 ,"$160 $60 
      Save 63%
    "
New Balance 510 v5 ,"$75 $40 
      Save 47%
    "
ASICS Gel DS Trainer 26 ,"$130 $30 
      Save 77%
    "
New Balance Nitrel V4 ,"$70 $45 
      Save 36%
    "
Brooks Adrenaline GTS 20 , $130 
Brooks Cascadia 15 ,"$130 $66 
      Save 49%
    "
New Balance Fresh Foam 1080 v10 ,"$150 $60 
      Save 60%
    "
Hoka Carbon X ,"$180 $99 
      Save 45%
    "
Adidas Solarglide 5 ,"$130 $45 
      Save 65%
    "
Nike Joyride Run Flyknit ,"$180 $90 
      Save 50%
    "
Under Armour Charged Impulse ,"$75 $44 
      Save 41%
    "
Adidas Adizero Adios 6 ,"$120 $51 
      Save 58%
    "
ASICS GlideRide 2 ,"$150 $80 
      Save 47%
    "
Merrell Vapor Glove 6 New , $89 
Mizuno Wave Rebellion Pro ,"$250 $216 
      Save 14%
    "
Altra Rivera 3 , $140 
Brooks Ariel 20 ,"$160 $150 
      Save 6%
    "
ASICS GT Xpress 2 New ,"$120 $70 
      Save 42%
    "
Adidas Adistar CS ,"$160 $76 
      Save 53%
    "
Saucony Cohesion 14 ,"$65 $35 
      Save 46%
    "
New Balance FuelCell SuperComp Pacer ,"$150 $80 
      Save 47%
    "
ASICS Gel Nimbus Lite ,"$150 $35 
      Save 77%
    "
La Sportiva Karacal ,"$130 $95 
      Save 27%
    "
ASICS Gel Contend 5 ,"$65 $40 
      Save 39%
    "
Adidas Solar Boost ,"$160 $44 
      Save 73%
    "
ASICS Gel Excite Trail ,"$75 $50 
      Save 33%
    "
La Sportiva Bushido II ,"$130 $96 
      Save 26%
    "
ASICS Gel Pulse 13 ,"$90 $48 
      Save 47%
    "
Nike Zoom Pegasus Turbo 2 ,"$180 $90 
      Save 50%
    "
New Balance FuelCell , $180 
Adidas Ultraboost Uncaged ,"$180 $100 
      Save 44%
    "
Brooks Bedlam ,"$150 $87 
      Save 42%
    "
Brooks Ghost 14 GTX ,"$160 $120 
      Save 25%
    "
Topo Athletic Ultrafly 3 ,"$130 $50 
      Save 62%
    "
Brooks Levitate Stealthfit 6 New , $150 
Salomon Speedcross 5 GTX ,"$150 $105 
      Save 30%
    "
La Sportiva Kaptiva ,"$139 $53 
      Save 62%
    "
Adidas Response Super 2.0 ,"$90 $39 
      Save 57%
    "
Adidas Pulseboost HD ,"$140 $78 
      Save 44%
    "
Nike Epic React Flyknit , $145 
PUMA Eternity Nitro ,"$120 $45 
      Save 63%
    "
ASICS Gel Quantum 360 6 ,"$150 $57 
      Save 62%
    "
Brooks Transmit 3 ,"$100 $73 
      Save 27%
    "
Xero Shoes Prio , $86 
Topo Athletic Phantom 2 ,"$140 $90 
      Save 36%
    "
Merrell Vapor Glove 5 ,"$80 $54 
      Save 33%
    "
ASICS MetaRide ,"$250 $95 
      Save 62%
    "
ASICS Gel Nimbus Lite 2 ,"$150 $70 
      Save 53%
    "
Under Armour Charged Rogue ,"$80 $41 
      Save 49%
    "
ASICS Jolt 3 ,"$55 $30 
      Save 46%
    "
PUMA Magnify Nitro ,"$140 $50 
      Save 64%
    "
ASICS GT 4000 ,"$130 $78 
      Save 40%
    "
Saucony Switchback 2 ,"$140 $56 
      Save 60%
    "
Nike Air Zoom Terra Kiger 7 ,"$160 $57 
      Save 64%
    "
ASICS Hyper Speed ,"$90 $55 
      Save 39%
    "
Saucony Fastwitch 9 ,"$100 $29 
      Save 71%
    "
Adidas AlphaEdge 4D ,"$300 $114 
      Save 62%
    "
Under Armour HOVR Phantom 2 ,"$150 $120 
      Save 20%
    "
Adidas Adizero Takumi Sen 8 ,"$180 $100 
      Save 44%
    "
ASICS Gel Cumulus 21 ,"$120 $43 
      Save 64%
    "
On Cloudventure Peak ,"$150 $100 
      Save 33%
    "
New Balance FuelCell Prism v2 ,"$120 $55 
      Save 54%
    "
Altra Escalante ,out of stock
ASICS Versablast 2 ,"$70 $42 
      Save 40%
    "
Xero Shoes HFS , $120 
ASICS EvoRide 2 ,"$120 $49 
      Save 59%
    "
On Cloudsurfer 6 New ,"$150 $100 
      Save 33%
    "
New Balance FuelCell Propel v3 ,"$100 $65 
      Save 35%
    "
New Balance Fresh Foam X 1080 Unlaced New ,"$160 $47 
      Save 71%
    "
Adidas Solar Glide ST ,"$150 $45 
      Save 70%
    "
Under Armour HOVR Sonic ,"$100 $59 
      Save 41%
    "
Merrell Antora ,"$110 $77 
      Save 30%
    "
On Cloudflash ,"$180 $108 
      Save 40%
    "
PUMA Electrify Nitro ,"$100 $40 
      Save 60%
    "
Under Armour Charged Bandit Trail 2 ,"$90 $56 
      Save 38%
    "
Topo Athletic Terraventure 3 ,"$125 $81 
      Save 35%
    "
Brooks Anthem 5 , $85 
ASICS GT 2000 7 ,"$120 $50 
      Save 58%
    "
Mizuno Wave Horizon 5 ,"$160 $89 
      Save 44%
    "
Merrell Vapor Glove 4 ,"$80 $56 
      Save 30%
    "
Saucony Omni 19 ,"$130 $77 
      Save 41%
    "
ASICS GT 2000 8 ,"$120 $60 
      Save 50%
    "
Adidas SL20.2 ,"$110 $40 
      Save 64%
    "
Under Armour HOVR Machina ,"$150 $80 
      Save 47%
    "
Dynafit Ultra 100 ,"$140 $80 
      Save 43%
    "
Nike ZoomX Vaporfly Next% 3 New , $250 
Nike React Miler ,"$130 $98 
      Save 25%
    "
Adidas Adizero Prime X Strung ,"$300 $230 
      Save 23%
    "
Altra Timp 3 ,"$140 $94 
      Save 33%
    "
Altra Superior 4.5 ,"$110 $80 
      Save 27%
    "
Adidas ZNCHILL Lightmotion+ New ,"$120 $48 
      Save 60%
    "
Skechers GOrun Razor+ ,"$135 $43 
      Save 68%
    "
ASICS Metarun ,"$250 $94 
      Save 62%
    "
Under Armour Charged Rogue 3 ,"$80 $34 
      Save 58%
    "
Adidas Ultraboost PB ,"$180 $71 
      Save 61%
    "
ASICS Gel Nimbus 20 ,"$160 $52 
      Save 68%
    "
Saucony Peregrine 10 ,"$120 $45 
      Save 63%
    "
New Balance Fresh Foam Cruz ,"$80 $65 
      Save 19%
    "
Under Armour HOVR Sonic 3 ,"$110 $42 
      Save 62%
    "
Saucony Freedom ISO 2 ,"$160 $50 
      Save 69%
    "
Scarpa Spin Ultra ,"$110 $75 
      Save 32%
    "
Inov-8 Trailfly G 270 ,"$160 $59 
      Save 63%
    "
New Balance FuelCell Echo ,"$100 $30 
      Save 70%
    "
Topo Athletic Ultraventure 3 , $150 
Hoka Clifton 7 , $140 
Under Armour Charged Vantage 2 ,"$80 $47 
      Save 41%
    "
Hoka Challenger 7 GTX New , $160 
ASICS DynaFlyte ,"$140 $47 
      Save 66%
    "
ASICS Gel Nimbus 22 ,"$150 $135 
      Save 10%
    "
Saucony Xodus Ultra 2 ,"$150 $140 
      Save 7%
    "
ASICS Novablast 3 TR , $145 
On Cloudventure Waterproof ,"$170 $152 
      Save 11%
    "
Adidas Adizero Prime X ,"$250 $70 
      Save 72%
    "
ASICS Gel Pulse 12 ,"$90 $40 
      Save 56%
    "
Mizuno Wave Inspire 16 ,"$135 $63 
      Save 53%
    "
Nike Air Zoom Tempo Next% , $210 
New Balance FuelCell SC Elite v3 ,"$230 $140 
      Save 39%
    "
ASICS Gel Kahana 8 ,"$85 $50 
      Save 41%
    "
Adidas Terrex Two Flow ,"$110 $47 
      Save 57%
    "
La Sportiva Cyklon ,"$160 $111 
      Save 31%
    "
Hoka Gaviota ,out of stock
New Balance Fresh Foam Beacon v3 ,"$120 $48 
      Save 60%
    "
Reebok Floatride Energy 4 Adventure ,"$120 $58 
      Save 52%
    "
Altra Provision 5 ,"$160 $62 
      Save 61%
    "
Salomon Predict 2 ,"$150 $49 
      Save 67%
    "
Topo Athletic MTN Racer 2 ,"$145 $95 
      Save 35%
    "
New Balance 520 v7 ,"$65 $37 
      Save 43%
    "
Hoka Rincon ,out of stock
Adidas Terrex Agravic Ultra ,"$160 $48 
      Save 70%
    "
Adidas Senseboost Go ,"$120 $58 
      Save 52%
    "
Brooks Range 2 ,"$75 $70 
      Save 7%
    "
New Balance 840 v4 ,"$125 $57 
      Save 54%
    "
ASICS Gel Contend 6 ,"$65 $50 
      Save 23%
    "
ASICS Gel Sonoma 6 ,"$80 $50 
      Save 38%
    "
Saucony Ride 15 TR ,"$140 $102 
      Save 27%
    "
Brooks Launch GTS 8 ,"$100 $65 
      Save 35%
    "
Brooks Hyperion ,"$130 $116 
      Save 11%
    "
La Sportiva Ultra Raptor ,"$130 $96 
      Save 26%
    "
Saucony Sinister New ,"$150 $140 
      Save 7%
    "
Salomon Phantasm ,"$180 $96 
      Save 47%
    "
Mizuno Wave Creation 20 ,"$170 $106 
      Save 38%
    "
PUMA Run XX Nitro ,"$130 $71 
      Save 45%
    "
Nike Zoom Gravity ,"$90 $62 
      Save 31%
    "
Nike React Escape Run ,"$100 $92 
      Save 8%
    "
Salomon Pulsar Trail Pro , $144 
Inov-8 Roclite G 275 ,"$135 $75 
      Save 44%
    "
Saucony Guide ISO 2 ,"$120 $45 
      Save 63%
    "
Altra Mont Blanc BOA , $210 
Nike Zoom Fly 3 ,"$160 $90 
      Save 44%
    "
Nike Joyride Dual Run ,"$130 $90 
      Save 31%
    "
Under Armour Charged Escape 3 ,"$90 $37 
      Save 59%
    "
Adidas Ultra 4D 5.0 ,"$200 $150 
      Save 25%
    "
Adidas 4DFWD Pulse ,"$200 $71 
      Save 65%
    "
ASICS Gel Cumulus 20 ,"$120 $43 
      Save 64%
    "
Brooks Divide 2 ,"$100 $50 
      Save 50%
    "
Adidas Pureboost Go ,"$120 $84 
      Save 30%
    "
Adidas Pureboost 21 ,"$130 $33 
      Save 75%
    "
Brooks Levitate GTS 6 , $150 
Nike Downshifter 9 ,"$60 $49 
      Save 18%
    "
Adidas Galaxy 6 ,"$60 $52 
      Save 13%
    "
Under Armour Charged Assert 8 ,"$70 $47 
      Save 33%
    "
Nike Air Zoom Pegasus 38 Shield ,"$130 $75 
      Save 42%
    "
Saucony Type A9 ,"$100 $45 
      Save 55%
    "
Under Armour HOVR Machina 2 ,"$150 $88 
      Save 41%
    "
Brooks Revel ,out of stock
ASICS Gel Kayano 24 ,"$160 $80 
      Save 50%
    "
Adidas Terrex Agravic ,"$135 $90 
      Save 33%
    "
Under Armour Charged Pursuit 2 ,"$70 $45 
      Save 36%
    "
Salomon Predict Soc 2 ,"$130 $80 
      Save 39%
    "
New Balance 860 v10 ,"$130 $60 
      Save 54%
    "
New Balance Fresh Foam Arishi v3 ,"$70 $40 
      Save 43%
    "
Saucony Kinvara 10 ,"$110 $50 
      Save 55%
    "
Reebok Energen Plus ,"$65 $33 
      Save 49%
    "
New Balance 1500 v6 ,"$125 $35 
      Save 72%
    "
Nike Free RN ,"$120 $85 
      Save 29%
    "
Under Armour HOVR Phantom 3 ,"$140 $110 
      Save 21%
    "
Brooks Launch 6 ,"$100 $82 
      Save 18%
    "
Dynafit Alpine ,"$140 $77 
      Save 45%
    "
Saucony Hurricane 22 ,"$160 $64 
      Save 60%
    "
ASICS Patriot 13 ,"$60 $40 
      Save 33%
    "
Saucony Canyon TR ,"$120 $40 
      Save 67%
    "
New Balance Fresh Foam X Tempo v2 ,"$120 $50 
      Save 58%
    "
Altra Vanish Carbon ,"$240 $220 
      Save 8%
    "
Saucony Guide 10 ,"$120 $60 
      Save 50%
    "
PUMA Fast-R Nitro Elite ,"$250 $140 
      Save 44%
    "
Adidas Ultraboost DNA 1.0 ,"$180 $98 
      Save 46%
    "
ASICS Gel Nimbus 19 ,"$160 $52 
      Save 68%
    "
Brooks Addiction 14 ,"$130 $80 
      Save 39%
    "
Altra Timp 2 ,"$140 $92 
      Save 34%
    "
Brooks Bedlam 3 ,"$150 $99 
      Save 34%
    "
Under Armour Charged Bandit 2 ,"$100 $63 
      Save 37%
    "
Salomon Aero Glide New , $160 
ASICS Fuji Lite 2 ,"$120 $70 
      Save 42%
    "
Adidas 4D , $194 
Brooks Addiction GTS 15 ,"$140 $120 
      Save 14%
    "
Nike Pegasus Trail 2 GTX ,"$160 $50 
      Save 69%
    "
Adidas Adizero Boston 9 ,"$120 $54 
      Save 55%
    "
Merrell Rubato ,"$140 $38 
      Save 73%
    "
Topo Athletic Pursuit , $140 
Inov-8 TrailFly Ultra G 300 Max , $195 
On Cloudboom Echo ,"$270 $210 
      Save 22%
    "
On Cloudboom ,"$200 $120 
      Save 40%
    "
New Balance Fresh Foam More v2 ,"$165 $59 
      Save 64%
    "
Salomon XA Pro 3D V8 GTX , $150 
Saucony Mad River TR 2 ,"$110 $55 
      Save 50%
    "
Adidas Fluidflow ,"$80 $48 
      Save 40%
    "
Reebok Floatride Run Fast ,"$140 $77 
      Save 45%
    "
Nike ZoomX Vaporfly Next% , $300 
Topo Athletic Ultraventure 2 ,"$135 $92 
      Save 32%
    "
Altra Escalante Racer ,out of stock
Adidas EQ19 ,"$70 $42 
      Save 40%
    "
New Balance 1540 v3 ,"$170 $127 
      Save 25%
    "
Mizuno Wave Rebellion Flash ,"$160 $58 
      Save 64%
    "
Nike Free RN Flyknit 2018 ,"$120 $79 
      Save 34%
    "
Under Armour Charged Bandit Trail ,"$80 $34 
      Save 58%
    "
Nike Air Zoom Winflo 7 ,"$90 $59 
      Save 34%
    "
Brooks Glycerin 16 ,"$150 $98 
      Save 35%
    "
Nike Air Zoom Winflo 8 ,"$90 $59 
      Save 34%
    "
Saucony Ride ISO 2 ,"$120 $70 
      Save 42%
    "
ASICS Gel Kayano Lite ,"$160 $120 
      Save 25%
    "
Under Armour Charged Breeze ,"$90 $52 
      Save 42%
    "
New Balance FuelCell RC Elite ,"$225 $152 
      Save 32%
    "
Mizuno Wave Horizon 4 ,"$160 $78 
      Save 51%
    "
La Sportiva Ultra Raptor II , $165 
New Balance Beaya Slip On New ,"$75 $42 
      Save 44%
    "
ASICS Patriot 12 ,"$60 $40 
      Save 33%
    "
Nike Odyssey React , $120 
Nike Odyssey React Flyknit 2 ,"$120 $80 
      Save 33%
    "
On Cloudflow ,out of stock
Vivobarefoot Primus Lite III , $155 
Adidas Adizero Adios 5 ,"$140 $52 
      Save 63%
    "
Under Armour HOVR Sonic 2 ,"$100 $34 
      Save 66%
    "
New Balance Fresh Foam X More Trail v2 ,"$165 $90 
      Save 46%
    "
ASICS Roadhawk FF 2 ,"$100 $45 
      Save 55%
    "
Saucony Xodus 11 ,"$150 $59 
      Save 61%
    "
Adidas Runfalcon 2.0 TR ,"$60 $41 
      Save 32%
    "
On Cloudstratus 2 , $170 
Brooks Transcend 7 ,"$160 $80 
      Save 50%
    "
ASICS Gel Quantum 360 5 ,"$150 $45 
      Save 70%
    "
ASICS Gel Venture 5 ,"$65 $58 
      Save 11%
    "
Salomon Predict Soc ,"$130 $76 
      Save 42%
    "
Reebok Flashfilm 2.0 ,"$80 $49 
      Save 39%
    "
Reebok Floatride Run Fast Pro ,"$250 $80 
      Save 68%
    "
Scott Kinabalu ,"$140 $62 
      Save 56%
    "
Adidas Edge Lux 3 ,"$85 $51 
      Save 40%
    "
Merrell MTL Skyfire ,"$100 $45 
      Save 55%
    "
The North Face Flight Vectiv ,"$199 $88 
      Save 56%
    "
New Balance 840 v5 ,"$130 $104 
      Save 20%
    "
ASICS Gel Jadeite ,"$160 $80 
      Save 50%
    "
Arc'teryx Norvan LD 3 ,"$165 $149 
      Save 10%
    "
On Cloudflyer Waterproof ,"$180 $140 
      Save 22%
    "
Saucony Cohesion 11 ,"$60 $35 
      Save 42%
    "
Brooks Caldera 4 ,"$140 $65 
      Save 54%
    "
ASICS Gel Excite 6 ,"$75 $57 
      Save 24%
    "
New Balance FuelCell Propel v2 ,"$100 $50 
      Save 50%
    "
Salomon Spectur ,"$130 $50 
      Save 62%
    "
Saucony Triumph ISO 5 ,"$160 $61 
      Save 62%
    "
Adidas Ultraboost Summer.RDY ,"$180 $53 
      Save 71%
    "
Salomon Hypulse ,"$100 $60 
      Save 40%
    "
ASICS Versablast ,"$70 $42 
      Save 40%
    "
Topo Athletic Ultrafly 4 ,"$135 $94 
      Save 30%
    "
Nike Air Zoom Pegasus 35 , $120 
Veja Marlin ,"$185 $130 
      Save 30%
    "
Brooks Ravenna 10 ,"$110 $50 
      Save 55%
    "
Brooks Glycerin Stealthfit GTS 20 New , $160 
Reebok Floatride Energy 4 ,"$110 $82 
      Save 26%
    "
Saucony Ride ISO ,"$120 $91 
      Save 24%
    "
New Balance Lerato ,"$225 $206 
      Save 8%
    "
Adidas Edge Lux 4 ,"$85 $36 
      Save 58%
    "
Hoka Clifton Edge , $160 
Reebok Fusion Flexweave ,"$120 $45 
      Save 63%
    "
Xero Shoes Zelen , $130 
Scott Supertrac Ultra RC ,"$180 $160 
      Save 11%
    "
Hoka Clifton 6 , $130 
Nike Air Zoom Pegasus 37 Shield ,"$130 $40 
      Save 69%
    "
Nike Quest 3 , $75 
Nike Winflo 8 Shield ,"$86 $59 
      Save 31%
    "
Nike Revolution 3 , $60 
Reebok Forever Floatride Energy ,"$90 $31 
      Save 66%
    "
ASICS Roadblast ,"$90 $41 
      Save 54%
    "
Reebok Floatride Energy Grow New ,"$120 $29 
      Save 76%
    "
Saucony Cohesion 10 ,"$60 $40 
      Save 33%
    "
Mizuno Wave Rider 23 ,"$120 $98 
      Save 18%
    "
Nike LunarEpic Flyknit ,"$175 $90 
      Save 49%
    "
Adidas Asweego ,"$80 $55 
      Save 31%
    "
Under Armour HOVR Mega 2 Clone ,"$140 $85 
      Save 39%
    "
Nike LunarGlide 8 ,"$120 $95 
      Save 21%
    "
Topo Athletic Specter ,"$160 $121 
      Save 24%
    "
Nike Air Zoom Pegasus 36 Trail ,"$130 $96 
      Save 26%
    "
Under Armour HOVR Infinite 4 ,"$120 $78 
      Save 35%
    "
Under Armour Charged Impulse 2 ,"$75 $45 
      Save 40%
    "
Nike Air Zoom Vomero 14 ,"$140 $120 
      Save 14%
    "
Adidas Terrex Agravic Flow ,"$130 $72 
      Save 45%
    "
Under Armour HOVR Infinite 2 ,"$120 $75 
      Save 38%
    "
Under Armour HOVR Machina 3 ,"$150 $110 
      Save 27%
    "
Nike Zoom Fly Flyknit ,"$160 $80 
      Save 50%
    "
Nike Renew Serenity Run ,"$80 $55 
      Save 31%
    "
Hoka TenNine , $250 
Brooks Divide , $110 
Saucony Xodus 10 ,"$150 $42 
      Save 72%
    "
Adidas Adizero Pro ,"$180 $87 
      Save 52%
    "
Hoka Mach , $148 
Nike Flyknit Racer , $515 
Brooks Revel 3 , $107 
ASICS Gel DS Trainer 25 ,"$130 $78 
      Save 40%
    "
Adidas Alphabounce Instinct ,"$120 $65 
      Save 46%
    "
Nike Revolution 6 FlyEase ,"$65 $60 
      Save 8%
    "
Nike Air Zoom Pegasus 39 Shield ,"$140 $98 
      Save 30%
    "
Hoka Mafate Speed 2 , $170 
New Balance 880 v9 ,"$125 $50 
      Save 60%
    "
Hoka Elevon 2 , $160 
Diadora Mythos Blushield 6 ,"$145 $54 
      Save 63%
    "
Adidas Terrex Tracerocker ,"$80 $67 
      Save 16%
    "
Merrell Bare Access XTR ,"$100 $66 
      Save 34%
    "
ASICS Gel Sonoma 5 ,"$80 $40 
      Save 50%
    "
ASICS Gel Flux 4 ,"$100 $85 
      Save 15%
    "
ASICS GT 1000 7 ,"$90 $55 
      Save 39%
    "
Hoka Bondi 6 , $189 
Brooks Ravenna 11 ,"$110 $90 
      Save 18%
    "
Under Armour Charged Vantage ,"$80 $41 
      Save 49%
    "
La Sportiva Akyra ,"$140 $103 
      Save 26%
    "
Adidas Speedmotion ,"$85 $46 
      Save 46%
    "
New Balance Fresh Foam 880 v10 ,"$130 $70 
      Save 46%
    "
Mizuno Wave Sky 4 Waveknit ,"$160 $58 
      Save 64%
    "
Inov-8 Trailfly Ultra G 280 ,"$185 $110 
      Save 41%
    "
ASICS Jolt 2 ,"$55 $35 
      Save 36%
    "
Adidas Solar Drive 19 ,"$120 $42 
      Save 65%
    "
Adidas Adizero Prime LTD ,"$200 $43 
      Save 79%
    "
Reebok EnergyLux 2 ,"$60 $33 
      Save 45%
    "
Skechers GOrun Ride 9 ,"$130 $65 
      Save 50%
    "
The North Face Vectiv Enduris ,"$139 $70 
      Save 50%
    "
Skechers GORUN Ride 10 ,"$145 $79 
      Save 46%
    "
ASICS Gel Quantum Lyte ,"$70 $45 
      Save 36%
    "
ASICS Gel Quantum 360 ,out of stock
Nike Downshifter 10 , $75 
Mizuno Wave Neo Ultra ,"$250 $125 
      Save 50%
    "
Salomon Alphacross , $100 
Under Armour Charged Verssert ,"$75 $52 
      Save 31%
    "
Nike Air Zoom Pegasus 34 , $120 
Adidas Solarboost 4 ,"$160 $50 
      Save 69%
    "
Reebok Flashfilm 3.0 ,"$80 $29 
      Save 64%
    "
Reebok Lite Plus 3 ,"$65 $30 
      Save 54%
    "
New Balance Fresh Foam More ,out of stock
Hoka Torrent ,out of stock
Topo Athletic Phantom ,"$130 $87 
      Save 33%
    "
Altra Paradigm 4.5 ,"$150 $122 
      Save 19%
    "
Adidas Ultraboost 22 GTX New ,"$230 $57 
      Save 75%
    "
New Balance Fresh Foam X 880 v13 New , $139 
Adidas Galaxy 4 ,"$40 $33 
      Save 18%
    "
Skechers GOrun Razor 4 New ,"$130 $99 
      Save 24%
    "
Xero Shoes Mesa Trail , $120 
Nike Air VaporMax Flyknit , $189 
ASICS Frequent Trail ,"$60 $35 
      Save 42%
    "
Inov-8 Trailfly G 270 v2 New , $165 
Brooks Caldera ,out of stock
Adidas Terrex Agravic Pro ,"$220 $75 
      Save 66%
    "
ASICS Gel Venture 6 , $85 
The North Face Vectiv Eminus ,"$129 $90 
      Save 30%
    "
ASICS Gel Kumo Lyte 2 ,"$80 $47 
      Save 41%
    "
Vivobarefoot ESC Tempest ,"$280 $79 
      Save 72%
    "
Under Armour Charged Bandit ,"$100 $50 
      Save 50%
    "
Under Armour Charged Bandit 3 ,"$100 $55 
      Save 45%
    "
Under Armour Charged Rogue 2.5 ,"$80 $43 
      Save 46%
    "
Altra Torin 5 Luxe ,"$160 $104 
      Save 35%
    "
Brooks Glycerin 15 , $157 
ASICS GT 2000 6 ,"$120 $50 
      Save 58%
    "
Mizuno Wave Horizon ,"$160 $70 
      Save 56%
    "
New Balance 940 v4 ,"$130 $101 
      Save 22%
    "
Reebok Floatride Energy X ,"$170 $160 
      Save 6%
    "
ASICS Novablast 2 LE ,"$130 $90 
      Save 31%
    "
New Balance Fresh Foam Arishi ,"$70 $60 
      Save 14%
    "
Reebok Forever Floatride Energy 2 ,"$100 $51 
      Save 49%
    "
Nike Downshifter 7 , $93 
Mizuno Wave Inspire 15 ,"$130 $70 
      Save 46%
    "
Adidas Supernova ST ,"$130 $35 
      Save 73%
    "
New Balance Nitrel v3 ,"$70 $45 
      Save 36%
    "
Under Armour Surge 2 ,"$60 $57 
      Save 5%
    "
Salomon S-Lab Ultra 3 ,"$180 $110 
      Save 39%
    "
Nike Air Zoom Pegasus 39 Flyease New ,"$130 $98 
      Save 25%
    "
Nike Air Max Sequent 3 ,"$100 $73 
      Save 27%
    "
Adidas By Stella McCartney Ultraboost 22 New ,"$250 $87 
      Save 65%
    "
Saucony Triumph ISO 4 ,"$160 $89 
      Save 44%
    "
Adidas Galaxy 5 , $55 
Hoka Arahi 4 ,"$130 $105 
      Save 19%
    "
New Balance 840 v3 ,"$120 $55 
      Save 54%
    "
Salomon S-Lab Pulsar ,"$180 $110 
      Save 39%
    "
Hoka Rincon 2 , $300 
The North Face Vectiv Infinite ,"$169 $108 
      Save 36%
    "
ASICS Gel Nimbus 23 Knit ,"$150 $64 
      Save 57%
    "
PUMA Viz Runner ,"$65 $38 
      Save 42%
    "
Reebok Floatride Run Fast 2 ,"$140 $35 
      Save 75%
    "
Scarpa Ribelle Run , $239 
Nike Run Swift , $95 
Brooks Ghost 10 ,out of stock
Skechers GOrun Razor TRL ,"$140 $80 
      Save 43%
    "
Skechers GOrun Swirl Tech ,"$110 $80 
      Save 27%
    "
Adidas Terrex Two Ultra Parley ,"$180 $88 
      Save 51%
    "
Altra Timp ,out of stock
Altra Solstice ,out of stock
Brooks Dyad 10 ,"$130 $120 
      Save 8%
    "
Brooks Ghost 11 ,out of stock
Brooks Hyperion Elite , $250 
New Balance 860 v8 ,"$125 $50 
      Save 60%
    "
Brooks Ricochet 2 ,"$120 $100 
      Save 17%
    "
Inov-8 Trail Talon 235 ,"$115 $75 
      Save 35%
    "
Scarpa Golden Gate ATR ,"$139 $112 
      Save 19%
    "
Saucony Excursion TR 14 ,"$70 $40 
      Save 43%
    "
Nike Air Max 2015 ,"$190 $180 
      Save 5%
    "
Hoka Gaviota 2 ,"$150 $108 
      Save 28%
    "
ASICS Gel Quantum 180 4 ,"$120 $45 
      Save 63%
    "
Adidas Ultraboost 22 Cold.RDY New ,"$220 $63 
      Save 71%
    "
Reebok Harmony Road 3.5 ,"$110 $57 
      Save 48%
    "
ASICS Gel Quantum 180 5 ,"$120 $40 
      Save 67%
    "
Under Armour Fat Tire ,out of stock
Adidas Terrex Two ,"$100 $60 
      Save 40%
    "
ASICS Gel Quantum 360 4 ,"$160 $50 
      Save 69%
    "
New Balance Fresh Foam Roav Tee Shirt ,"$80 $75 
      Save 6%
    "
Salomon Sonic 4 Balance ,"$130 $71 
      Save 45%
    "
ASICS Tartheredge ,"$130 $69 
      Save 47%
    "
Vivobarefoot Primus Lite , $130 
Diadora Mythos Blushield Volo ,"$135 $60 
      Save 56%
    "
Under Armour Charged Rogue 2 ,"$80 $46 
      Save 43%
    "
New Balance 860 v9 ,"$125 $50 
      Save 60%
    "
ASICS Gel Cumulus 19 ,"$120 $50 
      Save 58%
    "
Diadora Mythos Blushield Vigore ,"$170 $100 
      Save 41%
    "
Vibram FiveFingers KSO EVO ,"$90 $73 
      Save 19%
    "
ASICS Gel Flux 5 ,"$80 $49 
      Save 39%
    "
New Balance Fresh Foam 860 v13 New , $139 
Merrell Antora Rainbow ,"$110 $100 
      Save 9%
    "
Mizuno Wave Sky WaveKnit 3 ,"$160 $70 
      Save 56%
    "
Nike Air Zoom Winflo 6 ,"$90 $73 
      Save 19%
    "
Altra Escalante 2.0 ,"$130 $110 
      Save 15%
    "
ASICS GT 800 ,"$90 $50 
      Save 44%
    "
New Balance FuelCell TC ,"$200 $180 
      Save 10%
    "
Adidas Duramo 9 ,"$65 $55 
      Save 15%
    "
ASICS Gel Cumulus 18 ,"$120 $50 
      Save 58%
    "
Topo Athletic Magnifly 4 , $130 
Adidas Astrarun ,"$100 $40 
      Save 60%
    "
Nike Quest 2 , $85 
Hoka Clifton 3 , $150 
Inov-8 X-Talon G 235 ,"$170 $97 
      Save 43%
    "
Nike Air Max Torch 4 , $150 
Adidas Purebounce+ ,"$100 $39 
      Save 61%
    "
Brooks Adrenaline GTS 19 ,out of stock
Merrell Trail Glove 4 ,out of stock
Mizuno Wave Sky ,out of stock
Skechers GOrun 7 ,"$125 $72 
      Save 42%
    "
Skechers GOrun Razor Excess 2 ,"$140 $69 
      Save 51%
    "
Skechers GOrun 7+ ,"$130 $45 
      Save 65%
    "
ASICS Gel Scram 6 ,"$75 $40 
      Save 47%
    "
ASICS Gel FujiTrabuco 8 ,"$130 $100 
      Save 23%
    "
Saucony Peregrine 8 ,"$120 $50 
      Save 58%
    "
Topo Athletic Cyclone 2 , $150 
Nike Odyssey React Shield 2 ,"$130 $99 
      Save 24%
    "
Adidas EQ21 Run Cold.RDY ,"$85 $38 
      Save 55%
    "
ASICS Trail Scout ,"$60 $52 
      Save 13%
    "
Brooks Levitate 3 , $150 
Skechers GOrun Speed Freek ,"$200 $75 
      Save 63%
    "
Hoka Clifton 5 ,"$130 $99 
      Save 24%
    "
Merrell Agility Synthesis 2 ,"$110 $49 
      Save 56%
    "
ASICS Gel Scram 5 ,"$75 $53 
      Save 29%
    "
Salomon X-Mission 3 , $115 
New Balance Fresh Foam More Trail v1 ,"$165 $78 
      Save 53%
    "
Arc'teryx Norvan SL ,"$150 $105 
      Save 30%
    "
Brooks Ravenna 9 ,"$110 $100 
      Save 9%
    "
New Balance Fresh Foam Arishi Trail ,"$75 $48 
      Save 36%
    "
La Sportiva Akasha ,"$140 $98 
      Save 30%
    "
Adidas Sensebounce+ ,"$100 $35 
      Save 65%
    "
Nike Flyknit Lunar 3 ,"$150 $104 
      Save 31%
    "
La Sportiva Bushido ,out of stock
New Balance Fresh Foam Beacon , $140 
Nike Revolution 4 , $59 
Saucony Peregrine 11 GTX ,"$150 $52 
      Save 65%
    "
Under Armour Runplay ,"$60 $54 
      Save 10%
    "
ASICS Gel Contend 4 ,"$70 $50 
      Save 29%
    "
Adidas Pureboost X , $120 
La Sportiva Jackal GTX New ,"$185 $115 
      Save 38%
    "
Adidas Ultraboost X ,"$180 $75 
      Save 58%
    "
Scarpa Spin Infinity ,"$159 $95 
      Save 40%
    "
Altra Torin 4 ,out of stock
Under Armour Surge ,"$60 $57 
      Save 5%
    "
Salomon Supercross ,out of stock
PUMA Fast FWD Nitro Elite ,"$220 $160 
      Save 27%
    "
Adidas 90s Valasion ,"$80 $38 
      Save 53%
    "
Brooks Glycerin 17 ,out of stock
Nike Air Zoom Tempo Next% FlyEase ,"$200 $121 
      Save 40%
    "
La Sportiva Cyklon Cross GTX , $245 
Brooks Addiction 13 ,"$130 $59 
      Save 55%
    "
Salomon Sonic 3 Balance ,"$130 $61 
      Save 53%
    "
ASICS Gel Ziruss 3 ,"$140 $66 
      Save 53%
    "
Xero Shoes Speed Force , $110 
Nike Air Zoom Structure 23 ,"$120 $105 
      Save 13%
    "
New Balance Fresh Foam Tempo ,"$110 $70 
      Save 36%
    "
Vivobarefoot Primus Trail FG ,"$150 $117 
      Save 22%
    "
Hoka Hupana ,out of stock
Nike Air Max 2016 , $182 
ASICS GT 2000 9 Trail ,"$120 $60 
      Save 50%
    "
New Balance 890 v8 ,"$120 $81 
      Save 33%
    "
Nike Air Zoom Vomero 15 ,"$140 $105 
      Save 25%
    "
Arc'teryx Norvan SL 2 , $160 
Brooks Pureflow 7 , $120 
Nike Flex Experience RN 7 , $65 
Adidas Energy Falcon X ,"$70 $55 
      Save 21%
    "
Salomon Sense Ride 3 ,"$120 $68 
      Save 43%
    "
Adidas Terrex Agravic BOA ,"$150 $132 
      Save 12%
    "
Vivobarefoot Primus Knit ,"$170 $142 
      Save 17%
    "
Salomon Speedcross 4 GTX ,out of stock
Merrell Vapor Glove 3 ,out of stock
Reebok Floatride Run 2.0 ,"$150 $70 
      Save 53%
    "
Reebok Runner ,"$60 $39 
      Save 35%
    "
Adidas Solar Ride ,"$100 $60 
      Save 40%
    "
New Balance Fresh Foam Hierro , $140 
Hoka Elevon ,out of stock
Vibram FiveFingers V-Trail 2.0 ,"$120 $45 
      Save 63%
    "
New Balance Fresh Foam Vongo , $185 
Brooks Anthem ,out of stock
Inov-8 Mudclaw 300 ,"$125 $99 
      Save 21%
    "
Adidas Edgebounce 1.5 ,"$90 $49 
      Save 46%
    "
ASICS Gel Noosa Tri 11 ,"$140 $100 
      Save 29%
    "
La Sportiva Akasha II , $175 
Brooks Launch 5 ,out of stock
Adidas Ultraboost S&L ,"$180 $120 
      Save 33%
    "
ASICS Gel Sonoma 6 GTX ,"$90 $62 
      Save 31%
    "
Columbia FKT ,"$125 $40 
      Save 68%
    "
Nike Legend React , $131 
New Balance 587 ,"$145 $65 
      Save 55%
    "
New Balance Fresh Foam 1080 v9 ,"$150 $65 
      Save 57%
    "
Hoka Challenger 6 ATR ,"$130 $112 
      Save 14%
    "
New Balance Fresh Foam Beacon v2 ,"$120 $56 
      Save 53%
    "
Scott Supertrac RC 2 , $160 
Dynafit Feline SL ,"$150 $85 
      Save 43%
    "
Adidas Climacool Ventania ,"$100 $53 
      Save 47%
    "
Adidas Terrex Two Ultra ,"$180 $110 
      Save 39%
    "
Altra Kayenta , $110 
Hoka Mafate Speed 3 ,"$170 $140 
      Save 18%
    "
Salomon Speedcross Vario 2 ,out of stock
Saucony Endorphin Shift 3 RunShield New , $160 
Nike LunarGlide 6 ,out of stock
Brooks Ghost 9 ,out of stock
Inov-8 X-Talon 255 ,"$140 $124 
      Save 11%
    "
Brooks Adrenaline GTS 18 ,out of stock
Topo Athletic Zephyr ,"$130 $90 
      Save 31%
    "
Saucony Zealot ISO 3 ,"$130 $90 
      Save 31%
    "
Nike Air VaporMax Flyknit 2 , $189 
New Balance Fresh Foam Cruz v2 Knit ,"$85 $45 
      Save 47%
    "
Scott Supertrac 2.0 ,out of stock
Adidas SolarGlide 4 ,"$140 $90 
      Save 36%
    "
ASICS Gel Torrance 2 ,"$65 $47 
      Save 28%
    "
Skechers GOrun Razor 3 Hyper ,"$135 $73 
      Save 46%
    "
ASICS Gel Noosa Tri 9 ,out of stock
Saucony Cortana 4 ,"$150 $75 
      Save 50%
    "
ASICS Patriot 10 ,"$60 $45 
      Save 25%
    "
Brooks Cascadia 14 , $220 
Salomon Glide Max ,"$150 $140 
      Save 7%
    "
Under Armour Charged Escape ,"$90 $80 
      Save 11%
    "
Salomon Alphacross 3 ,out of stock
Nike LunarGlide 7 ,out of stock
Hoka Speedgoat 3 ,out of stock
Salomon Wildcross ,out of stock
ASICS HyperGel SAI ,"$120 $30 
      Save 75%
    "
Nike Zoom Span 4 ,"$80 $50 
      Save 38%
    "
Salomon Ultra Pro ,"$150 $80 
      Save 47%
    "
Brooks Revel 2 ,out of stock
Inov-8 F-Lite 245 ,"$150 $80 
      Save 47%
    "
Reebok Flashfilm ,"$80 $55 
      Save 31%
    "
Nike Free RN Flyknit 2017 ,"$120 $110 
      Save 8%
    "
ASICS GT 1000 6 ,"$90 $50 
      Save 44%
    "
Brooks Ghost 7 ,out of stock
Hoka Bondi 5 , $151 
361 Degrees Strata 3 ,"$155 $27 
      Save 83%
    "
New Balance FuelCore Nitrel Trail ,"$75 $25 
      Save 67%
    "
Adidas Edge Luxe ,"$85 $44 
      Save 48%
    "
Altra Timp 1.5 ,out of stock
ASICS Noosa FF ,"$140 $109 
      Save 22%
    "
Adidas Adizero Sub 2 ,"$180 $87 
      Save 52%
    "
ASICS Alpine XT ,"$100 $62 
      Save 38%
    "
Nike Air Zoom Structure 22 , $200 
Nike Renew Ride ,"$75 $70 
      Save 7%
    "
ASICS HyperGel Yu ,"$100 $60 
      Save 40%
    "
Skechers GOrun Horizon ,"$85 $36 
      Save 58%
    "
Reebok Floatride Run Panthea ,"$130 $45 
      Save 65%
    "
Hoka Mach Supersonic , $150 
Brooks Ghost 8 ,out of stock
Nike React Miler 2 Shield ,"$160 $90 
      Save 44%
    "
Adidas Ultraboost Guard ,"$180 $120 
      Save 33%
    "
Hoka Speedgoat Mid 2 GTX , $170 
Adidas Lite Racer BYD 2.0 ,out of stock
Hoka Evo Speedgoat ,out of stock
Reebok Endless Road ,"$75 $41 
      Save 45%
    "
Hoka Mach 3 ,out of stock
ASICS GT Xpress ,out of stock
Altra King MT ,out of stock
Reebok Energylux 3 ,"$50 $38 
      Save 24%
    "
New Balance Fresh Foam X 880 v12 ,out of stock
Brooks Ariel 18 ,out of stock
Hoka Clifton 4 ,out of stock
Nike Air Max Sequent 2 ,"$100 $88 
      Save 12%
    "
ASICS FuzeTora ,"$90 $35 
      Save 61%
    "
New Balance 890 v7 ,"$120 $25 
      Save 79%
    "
Saucony Triumph 17 , $148 
Mizuno Wave Inspire 16 Waveknit ,"$135 $78 
      Save 42%
    "
Scarpa Golden Gate Kima RT , $219 
Altra Olympus 3.5 ,out of stock
La Sportiva Wildcat 2.0 GTX , $175 
Mizuno Wave Sonic , $99 
PUMA Cell Regulate Woven ,"$65 $52 
      Save 20%
    "
ASICS Gel Kenun Lyte ,"$80 $30 
      Save 63%
    "
Hoka Hupana Flow ,out of stock
Altra Provision 4.0 ,"$130 $79 
      Save 39%
    "
Nike FS Lite Run 3 ,out of stock
Skechers GOrun Fast - Valor , $100 
Adidas Adizero RC 2 ,"$100 $64 
      Save 36%
    "
Nike Flex Experience RN 8 , $100 
Inov-8 Trail Talon 290 ,"$125 $100 
      Save 20%
    "
Nike Air Zoom Pegasus 36 Shield ,"$130 $75 
      Save 42%
    "
Saucony Cohesion 12 ,"$60 $56 
      Save 7%
    "
ASICS GT 4000 2 ,"$130 $117 
      Save 10%
    "
Adidas Terrex Speed Pro ,out of stock
Salomon Alphacross GTX , $117 
Brooks Anthem 3 ,"$85 $65 
      Save 24%
    "
Under Armour SpeedForm Gemini 2 ,out of stock
Saucony Excursion TR 12 ,"$70 $40 
      Save 43%
    "
Adidas Climacool Boost ,"$140 $100 
      Save 29%
    "
Hoka Speedgoat 4 GTX , $160 
Adidas Terrex Skychaser ,out of stock
Merrell MTL Long Sky 2 ,out of stock
Adidas Response Trail X ,"$75 $45 
      Save 40%
    "
New Balance Summit Unknown ,out of stock
Reebok Lavante Trail 2 New ,"$75 $63 
      Save 16%
    "
Nike Free RN 2017 , $260 
Reebok Floatride Run Fast 3 ,"$140 $45 
      Save 68%
    "
Adidas Alphatorsion ,"$100 $78 
      Save 22%
    "
Nike Flex Experience RN 9 , $76 
Saucony Endorphin Speed 3 RunShield , $180 
Topo Athletic Terraventure 2 , $118 
Nike Legend React 2 , $98 
Inov-8 Trailroc G 280 ,"$150 $105 
      Save 30%
    "
Nike Zoom Vaporfly 4% ,out of stock
PUMA Ignite Ultimate ,"$125 $61 
      Save 51%
    "
Salomon S-Lab Phantasm ,"$180 $117 
      Save 35%
    "
Under Armour HOVR Phantom SE , $163 
ASICS Gel Kenun Knit ,"$130 $66 
      Save 49%
    "
Saucony Peregrine 12 ST ,out of stock
Inov-8 Parkclaw 275 ,"$130 $112 
      Save 14%
    "
Merrell Nova 2 GTX ,out of stock
Vivobarefoot Geo Racer Knit ,out of stock
New Balance Fresh Foam Hierro v5 ,out of stock
Nike Downshifter 6 , $65 
Nike Air Zoom Rival Fly 3 New ,out of stock
Hoka Bondi Leather ,out of stock
Inov-8 TerraUltra G 260 ,"$150 $120 
      Save 20%
    "
361 Degrees Sensation 4 ,"$135 $63 
      Save 53%
    "
Adidas Terrex Skychaser GTX , $275 
ASICS GT 1000 8 , $90 
Adidas Pulseboost HD Winter ,"$140 $74 
      Save 47%
    "
New Balance 510 v3 ,out of stock
Under Armour HOVR Infinite Camo ,"$120 $55 
      Save 54%
    "
On Cloudflow 2.0 ,out of stock
Topo Athletic Ultrafly 2 ,"$120 $93 
      Save 23%
    "
Adidas Alphabounce Beyond ,"$120 $100 
      Save 17%
    "
Saucony Excursion TR 13 ,"$60 $40 
      Save 33%
    "
ASICS Gel Torrance Trail ,"$70 $40 
      Save 43%
    "
PUMA Ember Trail ,"$75 $50 
      Save 33%
    "
Under Armour HOVR Phantom RN , $140 
Adidas Tracerocker ,out of stock
Adidas Novafvse X ,"$90 $39 
      Save 57%
    "
Adidas Terrex Two Parley ,"$125 $70 
      Save 44%
    "
Skechers GOrun 600 ,out of stock
Merrell Trail Glove 5 , $201 
PUMA Carson 2 X ,"$60 $30 
      Save 50%
    "
Inov-8 Mudclaw G 260 ,"$150 $120 
      Save 20%
    "
Adidas Terrex Agravic Speed ,"$120 $88 
      Save 27%
    "
Altra Viho ,out of stock
Under Armour SpeedForm Slingshot 2 ,"$100 $37 
      Save 63%
    "
New Balance Fresh Foam Hierro v3 ,"$135 $93 
      Save 31%
    "
Adidas Ultraboost Winter.RDY ,"$190 $52 
      Save 73%
    "
ASICS FuzeTora Twist ,"$90 $50 
      Save 44%
    "
Brooks Bedlam 2 ,out of stock
Adidas Adizero Boston 8 , $120 
New Balance Fresh Foam Lazr Sport ,"$90 $27 
      Save 70%
    "
New Balance Fresh Foam Hierro v6 GTX ,out of stock
Nike Free RN CMTR ,out of stock
Salomon Alphacross 3 GTX ,out of stock
Altra Escalante Racer 19 , $140 
La Sportiva Helios 3.0 ,"$125 $95 
      Save 24%
    "
Mizuno Wave Rider GTX ,out of stock
Skechers GOrun Persistence New ,"$120 $80 
      Save 33%
    "
Inov-8 Parkclaw 240 ,"$100 $80 
      Save 20%
    "
Mizuno Wave Skyrise ,out of stock
Nike Zoom Prevail ,out of stock
Adidas Solarboost 3 , $160 
Adidas Supernova ,"$100 $25 
      Save 75%
    "
La Sportiva Tempesta GTX , $214 
Atreyu Artist ,out of stock
Salomon Aero Blaze New , $140 
ASICS Roadhawk FF 2 MX ,"$100 $55 
      Save 45%
    "
Reebok Floatride Fuel Run ,"$80 $40 
      Save 50%
    "
Reebok Speed Breeze 2 ,"$60 $45 
      Save 25%
    "
Salomon Madcross ,out of stock
ASICS FuzeX Knit ,"$120 $55 
      Save 54%
    "
Hoka Challenger 6 ATR GTX ,"$140 $113 
      Save 19%
    "
Altra Lone Peak 4.5 , $115 
Adidas Nova Flow , $65 
Hoka Akasa , $140 
Under Armour HOVR Machina Off Road ,"$160 $63 
      Save 61%
    "
Saucony Canyon TR 2 New ,"$120 $103 
      Save 14%
    "
Reebok Lite 2.0 ,"$55 $43 
      Save 22%
    "
Nike Air Max Sequent , $100 
Adidas Terrex Two BOA ,out of stock
Mizuno Wave Paradox 5 ,out of stock
Reebok RUN_R 96 ,"$220 $42 
      Save 81%
    "
Inov-8 X-Talon 210 ,"$130 $120 
      Save 8%
    "
La Sportiva Lycan GTX ,out of stock
Adidas Questar Flow NXT ,out of stock
Adidas Terrex Agravic Tech Pro ,out of stock
ASICS Patriot 11 Twist ,"$65 $42 
      Save 35%
    "
Brooks Cascadia 15 GTX ,out of stock
Merrell Antora 2 GTX ,out of stock
Reebok Runner 4 ,"$60 $48 
      Save 20%
    "
Adidas Fluidstreet ,"$65 $39 
      Save 40%
    "
PUMA Axelion NXT ,out of stock
Skechers GOrun Forza 4 Hyper ,"$145 $130 
      Save 10%
    "
Merrell Mag-9 , $120 
La Sportiva Akyra GTX ,"$160 $100 
      Save 38%
    "
ASICS Gel Ziruss 2 ,"$140 $100 
      Save 29%
    "
Altra Duo ,out of stock
Adidas Ultraboost 21 GTX New ,out of stock
Mizuno Wave Sky Neo ,"$240 $134 
      Save 44%
    "
ASICS FuzeX Rush Adapt ,"$100 $70 
      Save 30%
    "
ASICS Trabuco Max ,"$140 $72 
      Save 49%
    "
Adidas Rockadia Trail 3 ,"$65 $51 
      Save 22%
    "
La Sportiva Blizzard GTX ,"$199 $184 
      Save 8%
    "
Skechers Max Cushioning Premier - Expressive ,"$90 $80 
      Save 11%
    "
Mizuno Wave Sky 3 ,out of stock
ASICS Gel Trabuco 10 New ,"$130 $72 
      Save 45%
    "
Reebok Zigwild Trail 6.0 ,"$100 $41 
      Save 59%
    "
Topo Athletic Runventure 3 ,"$120 $90 
      Save 25%
    "
361 Degrees Meraki 2 ,"$130 $19 
      Save 85%
    "
ASICS Gel Kenun Lyte MX ,"$80 $65 
      Save 19%
    "
Altra Superior 4.0 ,out of stock
Inov-8 X-Talon Ultra 260 V2 New ,out of stock
Vibram FiveFingers V-Trail ,out of stock
Inov-8 Mudclaw 275 ,out of stock
Reebok Jet Dashride 6.0 ,"$80 $66 
      Save 18%
    "
Reebok Instalite Lux ,"$60 $55 
      Save 8%
    "
Nike Air VaporMax Run Utility , $278 
Reebok Runner 3 ,"$55 $50 
      Save 9%
    "
Salomon Trailster 2 ,out of stock
Nike Air Zoom Wildhorse 6 , $175 
Reebok Floatride Run ULTK ,"$150 $54 
      Save 64%
    "
ASICS Gel Trabuco 9 ,"$130 $60 
      Save 54%
    "
Adidas Adizero Takumi Sen 7 ,out of stock
361 Degrees Meraki ,out of stock
361 Degrees Spire 4 ,"$155 $105 
      Save 32%
    "
Mizuno Wave Rider TT ,out of stock
ASICS Gel Cumulus 23 GTX ,out of stock
New Balance Fresh Foam Arishi v2 , $70 
La Sportiva Lycan 2.0 , $163 
ASICS Gel Sonoma 5 GTX ,out of stock
Salomon Madcross GTX ,out of stock
Saucony Xodus Ultra RunShield , $225 
PUMA Fast-Trac NITRO New ,"$110 $65 
      Save 41%
    "
Mizuno Wave Prodigy ,"$125 $95 
      Save 24%
    "
Skechers GOrun MaxRoad 4+ Hyper ,out of stock
Inov-8 X-Talon 212 v2 ,out of stock
Saucony Clarion ,out of stock
New Balance Fresh Foam Hierro BOA ,out of stock
Skechers GOrun Pure ,out of stock
New Balance Fresh Foam Roav Knit ,out of stock
Skechers GOmeb Speed 6 Hyper ,out of stock
Columbia Caldorado III OutDry ,out of stock
Newton Gravity 7 ,out of stock
ASICS Amplica , $135 
Adidas Terrex Tracerocker GTX ,out of stock
Nike Odyssey React Shield , $309 
Salomon Index.01 , $210 
Allbirds Tree Dasher 2.0 ,"$135 $79 
      Save 42%
    "
Brooks Cascadia 13 GTX ,out of stock
Nike Zoom Rival Fly 2 , $167 
Salming Greyhound ,out of stock
Salomon XT-6 GTX , $215 
Skechers GOrun Max Cushioning Premier ,out of stock
Reebok Endless Road 2 ,"$70 $26 
      Save 63%
    "
361 Degrees Spire 3 ,"$150 $23 
      Save 85%
    "
Adidas Madoru 2.0 ,out of stock
Reebok ZPump Fusion 2.5 ,out of stock
The North Face Ultra Traction Futurelight ,out of stock
New Balance Fresh Foam Hierro v4 ,out of stock
Adidas Ultraboost ST Parley , $254 
Merrell Fiery GTX ,out of stock
